{
  "test_set_size": 50,
  "baseline": {
    "tasks_solved": 1,
    "accuracy": 0.0196078431372549,
    "solved_task_ids": [
      "00576224"
    ]
  },
  "fuzzy_integrated": {
    "tasks_solved": 2,
    "accuracy": 0.0392156862745098,
    "solved_task_ids": [
      "00576224",
      "009d5c81"
    ]
  },
  "improvement": {
    "tasks": 1,
    "accuracy_points": 1.9607843137254901
  }
}