{
  "total_tasks": 100,
  "solved": 100,
  "unsolved": 0,
  "timeouts": 0,
  "states_explored": [
    16,
    16,
    16,
    16,
    16,
    16,
    16,
    16,
    16,
    16,
    16,
    16,
    12,
    0,
    12,
    12,
    16,
    16,
    16,
    16,
    15,
    15,
    15,
    15,
    13,
    13,
    13,
    13,
    16,
    16,
    16,
    16,
    15,
    15,
    15,
    15,
    16,
    16,
    16,
    16,
    16,
    16,
    16,
    0,
    9,
    9,
    13,
    13,
    13,
    14,
    14,
    14,
    16,
    16,
    16,
    15,
    15,
    15,
    16,
    16,
    16,
    16,
    16,
    16,
    16,
    16,
    16,
    9,
    9,
    9,
    16,
    16,
    15,
    13,
    16,
    13,
    16,
    13,
    16,
    14,
    9,
    16,
    14,
    13,
    16,
    13,
    16,
    13,
    13,
    9,
    0,
    0,
    0,
    0,
    0,
    0,
    0,
    0,
    0,
    0
  ],
  "search_times": [
    0.0005619525909423828,
    0.000263214111328125,
    0.0002942085266113281,
    0.0002930164337158203,
    0.00021576881408691406,
    0.0002048015594482422,
    0.00026106834411621094,
    0.0002453327178955078,
    0.000286102294921875,
    0.00023365020751953125,
    0.0002918243408203125,
    0.0002818107604980469,
    0.0002224445343017578,
    5.0067901611328125e-06,
    0.00021505355834960938,
    0.00025844573974609375,
    0.00025010108947753906,
    0.0002658367156982422,
    0.00023436546325683594,
    0.0002841949462890625,
    0.00022149085998535156,
    0.0002243518829345703,
    0.00020384788513183594,
    0.00023746490478515625,
    0.00021719932556152344,
    0.0002117156982421875,
    0.00022077560424804688,
    0.00022149085998535156,
    0.00025844573974609375,
    0.00023317337036132812,
    0.00026726722717285156,
    0.0002837181091308594,
    0.00022482872009277344,
    0.00020170211791992188,
    0.0002162456512451172,
    0.0002532005310058594,
    0.0002796649932861328,
    0.0003027915954589844,
    0.00032782554626464844,
    0.0002951622009277344,
    0.0002613067626953125,
    0.0002307891845703125,
    0.00023174285888671875,
    4.76837158203125e-06,
    0.00020074844360351562,
    0.00019168853759765625,
    0.0002200603485107422,
    0.0002117156982421875,
    0.0002338886260986328,
    0.0002589225769042969,
    0.0002512931823730469,
    0.00021839141845703125,
    0.0002446174621582031,
    0.0002281665802001953,
    0.00021219253540039062,
    0.00022101402282714844,
    0.00023674964904785156,
    0.000209808349609375,
    0.00021386146545410156,
    0.00021028518676757812,
    0.00022721290588378906,
    0.00028252601623535156,
    0.00023365020751953125,
    0.0002288818359375,
    0.00025391578674316406,
    0.0002961158752441406,
    0.00023603439331054688,
    0.00019693374633789062,
    0.00020956993103027344,
    0.00022673606872558594,
    0.0002307891845703125,
    0.00021457672119140625,
    0.00020003318786621094,
    0.0002567768096923828,
    0.000263214111328125,
    0.00019741058349609375,
    0.00021457672119140625,
    0.0002124309539794922,
    0.0002357959747314453,
    0.00023174285888671875,
    0.00019693374633789062,
    0.00021529197692871094,
    0.00025343894958496094,
    0.000213623046875,
    0.00022268295288085938,
    0.00019788742065429688,
    0.00024390220642089844,
    0.00021982192993164062,
    0.00021076202392578125,
    0.00019168853759765625,
    2.9325485229492188e-05,
    5.4836273193359375e-06,
    4.0531158447265625e-06,
    3.838539123535156e-05,
    4.76837158203125e-06,
    5.0067901611328125e-06,
    3.814697265625e-06,
    4.0531158447265625e-06,
    5.9604644775390625e-06,
    3.814697265625e-06
  ],
  "program_lengths": [
    1,
    1,
    1,
    1,
    1,
    1,
    1,
    1,
    1,
    1,
    1,
    1,
    1,
    0,
    1,
    1,
    1,
    1,
    1,
    1,
    1,
    1,
    1,
    1,
    1,
    1,
    1,
    1,
    1,
    1,
    1,
    1,
    1,
    1,
    1,
    1,
    1,
    1,
    1,
    1,
    1,
    1,
    1,
    0,
    1,
    1,
    1,
    1,
    1,
    1,
    1,
    1,
    1,
    1,
    1,
    1,
    1,
    1,
    1,
    1,
    1,
    1,
    1,
    1,
    1,
    1,
    1,
    1,
    1,
    1,
    1,
    1,
    1,
    1,
    1,
    1,
    1,
    1,
    1,
    1,
    1,
    1,
    1,
    1,
    1,
    1,
    1,
    1,
    1,
    1,
    0,
    0,
    0,
    0,
    0,
    0,
    0,
    0,
    0,
    0
  ],
  "by_task_type": {
    "1-step-rotate": {
      "count": 10,
      "solved": 10,
      "avg_states": 15.1,
      "avg_time": 0.00021282196044921875,
      "states": [
        16,
        16,
        16,
        12,
        16,
        15,
        13,
        16,
        15,
        16
      ]
    },
    "1-step-reflect": {
      "count": 10,
      "solved": 10,
      "avg_states": 13.9,
      "avg_time": 0.00021282196044921875,
      "states": [
        16,
        16,
        16,
        0,
        16,
        15,
        13,
        16,
        15,
        16
      ]
    },
    "1-step-transpose": {
      "count": 10,
      "solved": 10,
      "avg_states": 15.1,
      "avg_time": 0.00021282196044921875,
      "states": [
        16,
        16,
        16,
        12,
        16,
        15,
        13,
        16,
        15,
        16
      ]
    },
    "1-step-scale": {
      "count": 10,
      "solved": 10,
      "avg_states": 15.1,
      "avg_time": 0.00021282196044921875,
      "states": [
        16,
        16,
        16,
        12,
        16,
        15,
        13,
        16,
        15,
        16
      ]
    },
    "2-step-rotate-reflect": {
      "count": 10,
      "solved": 10,
      "avg_states": 13.1,
      "avg_time": 0.00021282196044921875,
      "states": [
        16,
        0,
        13,
        14,
        16,
        15,
        16,
        16,
        16,
        9
      ]
    },
    "2-step-reflect-transpose": {
      "count": 10,
      "solved": 10,
      "avg_states": 14.0,
      "avg_time": 0.00021282196044921875,
      "states": [
        16,
        9,
        13,
        14,
        16,
        15,
        16,
        16,
        16,
        9
      ]
    },
    "2-step-rotate-rotate": {
      "count": 10,
      "solved": 10,
      "avg_states": 14.0,
      "avg_time": 0.00021282196044921875,
      "states": [
        16,
        9,
        13,
        14,
        16,
        15,
        16,
        16,
        16,
        9
      ]
    },
    "3-step-complex": {
      "count": 20,
      "solved": 20,
      "avg_states": 14.0,
      "avg_time": 0.00021282196044921875,
      "states": [
        16,
        16,
        15,
        13,
        16,
        13,
        16,
        13,
        16,
        14,
        9,
        16,
        14,
        13,
        16,
        13,
        16,
        13,
        13,
        9
      ]
    },
    "identity": {
      "count": 10,
      "solved": 10,
      "avg_states": 0.0,
      "avg_time": 0.00021282196044921875,
      "states": [
        0,
        0,
        0,
        0,
        0,
        0,
        0,
        0,
        0,
        0
      ]
    }
  },
  "avg_states": 12.83,
  "max_states": 16.0,
  "min_states": 0.0,
  "median_states": 15.0,
  "p95_states": 16.0,
  "avg_time": 0.00021282196044921875,
  "max_time": 0.0005619525909423828,
  "avg_program_length": 0.88
}