{
  "total_tasks": 100,
  "solved": 100,
  "unsolved": 0,
  "timeouts": 0,
  "states_explored": [
    16,
    16,
    16,
    16,
    16,
    16,
    16,
    16,
    13,
    13,
    13,
    13,
    16,
    16,
    16,
    16,
    14,
    14,
    14,
    14,
    13,
    13,
    13,
    13,
    14,
    14,
    14,
    14,
    14,
    14,
    14,
    14,
    16,
    16,
    16,
    16,
    15,
    15,
    15,
    15,
    9,
    9,
    9,
    16,
    16,
    16,
    13,
    13,
    13,
    16,
    16,
    16,
    14,
    14,
    14,
    16,
    16,
    16,
    15,
    15,
    15,
    9,
    9,
    9,
    15,
    15,
    15,
    14,
    14,
    14,
    13,
    14,
    14,
    16,
    14,
    15,
    14,
    15,
    13,
    14,
    14,
    15,
    15,
    0,
    15,
    13,
    16,
    16,
    13,
    13,
    0,
    0,
    0,
    0,
    0,
    0,
    0,
    0,
    0,
    0
  ],
  "search_times": [
    0.0007662773132324219,
    0.00048661231994628906,
    0.0005359649658203125,
    0.00043845176696777344,
    0.0004963874816894531,
    0.0004379749298095703,
    0.00048470497131347656,
    0.0004570484161376953,
    0.00039458274841308594,
    0.0004477500915527344,
    0.0005352497100830078,
    0.0005009174346923828,
    0.0005829334259033203,
    0.0005233287811279297,
    0.0005197525024414062,
    0.0005147457122802734,
    0.00047969818115234375,
    0.0004684925079345703,
    0.0004818439483642578,
    0.0004489421844482422,
    0.00041413307189941406,
    0.000354766845703125,
    0.00039839744567871094,
    0.0003628730773925781,
    0.00039958953857421875,
    0.00043582916259765625,
    0.00039696693420410156,
    0.0004382133483886719,
    0.00043511390686035156,
    0.00041365623474121094,
    0.0004639625549316406,
    0.00039315223693847656,
    0.0005359649658203125,
    0.0004868507385253906,
    0.0005428791046142578,
    0.0004966259002685547,
    0.0004241466522216797,
    0.0004208087921142578,
    0.00041794776916503906,
    0.0003859996795654297,
    0.0003085136413574219,
    0.00032401084899902344,
    0.0002980232238769531,
    0.0005304813385009766,
    0.00047779083251953125,
    0.0005698204040527344,
    0.0003638267517089844,
    0.00039267539978027344,
    0.00038552284240722656,
    0.00047779083251953125,
    0.0005276203155517578,
    0.00046944618225097656,
    0.0004391670227050781,
    0.000370025634765625,
    0.00039768218994140625,
    0.0004470348358154297,
    0.0004265308380126953,
    0.0004897117614746094,
    0.0003876686096191406,
    0.0004444122314453125,
    0.00039958953857421875,
    0.0003292560577392578,
    0.00032973289489746094,
    0.0003018379211425781,
    0.0004215240478515625,
    0.0004208087921142578,
    0.00038504600524902344,
    0.0004367828369140625,
    0.0004191398620605469,
    0.00042128562927246094,
    0.0006105899810791016,
    0.0004603862762451172,
    0.0004470348358154297,
    0.0004639625549316406,
    0.00041365623474121094,
    0.0004279613494873047,
    0.0003829002380371094,
    0.0004220008850097656,
    0.0003933906555175781,
    0.00040078163146972656,
    0.00045943260192871094,
    0.0004115104675292969,
    0.0004634857177734375,
    5.4836273193359375e-06,
    0.00039577484130859375,
    0.00035858154296875,
    0.00047397613525390625,
    0.0004329681396484375,
    0.0003981590270996094,
    0.0003566741943359375,
    5.9604644775390625e-06,
    4.0531158447265625e-06,
    3.814697265625e-06,
    4.5299530029296875e-06,
    4.291534423828125e-06,
    4.0531158447265625e-06,
    3.814697265625e-06,
    3.5762786865234375e-06,
    4.0531158447265625e-06,
    3.5762786865234375e-06
  ],
  "program_lengths": [
    1,
    1,
    1,
    1,
    1,
    1,
    1,
    1,
    1,
    1,
    1,
    1,
    1,
    1,
    1,
    1,
    1,
    1,
    1,
    1,
    1,
    1,
    1,
    1,
    1,
    1,
    1,
    1,
    1,
    1,
    1,
    1,
    1,
    1,
    1,
    1,
    1,
    1,
    1,
    1,
    1,
    1,
    1,
    1,
    1,
    1,
    1,
    1,
    1,
    1,
    1,
    1,
    1,
    1,
    1,
    1,
    1,
    1,
    1,
    1,
    1,
    1,
    1,
    1,
    1,
    1,
    1,
    1,
    1,
    1,
    1,
    1,
    1,
    1,
    1,
    1,
    1,
    1,
    1,
    1,
    1,
    1,
    1,
    0,
    1,
    1,
    1,
    1,
    1,
    1,
    0,
    0,
    0,
    0,
    0,
    0,
    0,
    0,
    0,
    0
  ],
  "by_task_type": {
    "1-step-rotate": {
      "count": 10,
      "solved": 10,
      "avg_states": 14.7,
      "avg_time": 0.00039232730865478515,
      "states": [
        16,
        16,
        13,
        16,
        14,
        13,
        14,
        14,
        16,
        15
      ]
    },
    "1-step-reflect": {
      "count": 10,
      "solved": 10,
      "avg_states": 14.7,
      "avg_time": 0.00039232730865478515,
      "states": [
        16,
        16,
        13,
        16,
        14,
        13,
        14,
        14,
        16,
        15
      ]
    },
    "1-step-transpose": {
      "count": 10,
      "solved": 10,
      "avg_states": 14.7,
      "avg_time": 0.00039232730865478515,
      "states": [
        16,
        16,
        13,
        16,
        14,
        13,
        14,
        14,
        16,
        15
      ]
    },
    "1-step-scale": {
      "count": 10,
      "solved": 10,
      "avg_states": 14.7,
      "avg_time": 0.00039232730865478515,
      "states": [
        16,
        16,
        13,
        16,
        14,
        13,
        14,
        14,
        16,
        15
      ]
    },
    "2-step-rotate-reflect": {
      "count": 10,
      "solved": 10,
      "avg_states": 13.7,
      "avg_time": 0.00039232730865478515,
      "states": [
        9,
        16,
        13,
        16,
        14,
        16,
        15,
        9,
        15,
        14
      ]
    },
    "2-step-reflect-transpose": {
      "count": 10,
      "solved": 10,
      "avg_states": 13.7,
      "avg_time": 0.00039232730865478515,
      "states": [
        9,
        16,
        13,
        16,
        14,
        16,
        15,
        9,
        15,
        14
      ]
    },
    "2-step-rotate-rotate": {
      "count": 10,
      "solved": 10,
      "avg_states": 13.7,
      "avg_time": 0.00039232730865478515,
      "states": [
        9,
        16,
        13,
        16,
        14,
        16,
        15,
        9,
        15,
        14
      ]
    },
    "3-step-complex": {
      "count": 20,
      "solved": 20,
      "avg_states": 13.6,
      "avg_time": 0.00039232730865478515,
      "states": [
        13,
        14,
        14,
        16,
        14,
        15,
        14,
        15,
        13,
        14,
        14,
        15,
        15,
        0,
        15,
        13,
        16,
        16,
        13,
        13
      ]
    },
    "identity": {
      "count": 10,
      "solved": 10,
      "avg_states": 0.0,
      "avg_time": 0.00039232730865478515,
      "states": [
        0,
        0,
        0,
        0,
        0,
        0,
        0,
        0,
        0,
        0
      ]
    }
  },
  "avg_states": 12.71,
  "max_states": 16.0,
  "min_states": 0.0,
  "median_states": 14.0,
  "p95_states": 16.0,
  "avg_time": 0.00039232730865478515,
  "max_time": 0.0007662773132324219,
  "avg_program_length": 0.89
}